{
  "images" : [
    {
      "idiom" : "universal",
      "filename" : "page-arrow-left@1x.png",
      "scale" : "1x"
    },
    {
      "idiom" : "universal",
      "filename" : "page-arrow-left@2x.png",
      "scale" : "2x"
    },
    {
      "idiom" : "universal",
      "filename" : "page-arrow-left@3x.png",
      "scale" : "3x"
    },
    {
      "idiom" : "ipad",
      "filename" : "page-arrow-left@2x-1.png",
      "scale" : "1x"
    },
    {
      "idiom" : "ipad",
      "filename" : "page-arrow-left@3x-1.png",
      "scale" : "2x"
    }
  ],
  "info" : {
    "version" : 1,
    "author" : "xcode"
  }
}